seurat_clusters,type,r
4,LEC2,0.527823100448822
2,BEC,0.5507640623948772
0,LEC5,0.574077155349353
3,"r<0.5, unassigned",0.4964405923441387
1,CD34+_SC,0.5316504681350962
